mode,avg_real,min_real,max_real,avg_user,avg_sys,avg_memory_kb,max_memory_kb,avg_cpu_percent
run,3.75275,3.539604,4.008429,3.57184,0.032449,1149.06,1296,0.412245
build,0.125176,.121909,.128722,0.0508163,0.0134694,1142.2,1248,0.022449
jit,0.126497,.120842,.132488,0.0195918,0,1139.59,1232,0.0244898
