mode,avg_real,avg_user,avg_sys
run,0.374898,0.364082,0.000408163
build,0.00122449,0,0
jit,0.00285714,0,0
