mode,avg_real,min_real,max_real,avg_user,avg_sys,avg_memory_kb,max_memory_kb,avg_cpu_percent
run,3.74437,3.572679,4.134779,3.57306,0.0310204,1140.57,1184,0.379592
build,0.12637,.121575,.130678,0.0473469,0.0132653,1140.9,1216,0.022449
jit,0.126621,.120518,.145818,0.0118367,0,1155.92,1408,0.0142857
